Timestamp,Data
2026-02-21 14:55:10,配送員 : 曾豊棋 配送物 : AK-47
2026-02-21 14:59:46,配送員 : 曾豊棋 配送物 : AK-47
2026-02-21 16:39:31,配送員 : 曾豊棋 配送物 : AK-47
2026-02-21 16:45:33,配送員 : 曾豊棋 配送物 : AK-47
2026-02-21 16:47:09,配送員 : 曾豊棋 配送物 : AK-47
2026-02-21 17:08:08,配送員 : 曾豊棋 配送物 : AK-47
2026-02-21 17:16:12,配送員 : 曾豊棋 配送物 : AK-47
2026-02-22 20:20:51,配送員 : 曾豊棋 配送物 : AK-47
2026-02-22 20:27:49,配送員 : 曾豊棋 配送物 : AK-47
2026-02-22 20:34:22,配送員 : 曾豊棋 配送物 : AK-47
2026-02-23 22:21:43,配送員 : 曾豊棋 配送物 : AK-47
2026-02-23 22:26:45,配送員 : 曾豊棋 配送物 : AK-47
2026-02-23 22:32:29,配送員 : 曾豊棋 配送物 : AK-47
2026-02-25 16:12:24,配送員 : 曾豊棋 配送物 : AK-47
2026-02-25 16:17:25,配送員 : 曾豊棋 配送物 : AK-47
2026-02-25 16:24:07,配送員 : 曾豊棋 配送物 : AK-47
2026-02-25 16:56:38,配送員 : 曾豊棋 配送物 : AK-47
2026-02-25 17:23:16,配送員 : 曾豊棋 配送物 : AK-47
2026-02-25 17:34:41,配送員 : 曾豊棋 配送物 : AK-47
